{
    "accuracy": 0.5959595959595959,
    "num_tested": 198,
    "num_correct": 117.99999999999999
}